{
  "lists": [
    {
      "id": 1,
      "name": "Продажи",
      "colorId": 5
    },
    {
      "id": 2,
      "name": "Фронтенд",
      "colorId": 4
    },
    {
      "id": 3,
      "name": "Фильмы и сериалы",
      "colorId": 3
    },
    {
      "id": 5,
      "name": "Личное",
      "colorId": 1
    },
    {
      "name": "dff",
      "colorId": 4,
      "id": 6
    },
    {
      "name": "ssddd",
      "colorId": 5,
      "id": 7
    }
  ],
  "tasks": [
    {
      "id": 1,
      "listId": 2,
      "text": "Изучить JavaScript",
      "completed": true
    },
    {
      "id": 2,
      "listId": 2,
      "text": "Изучить паттерны проектирования",
      "completed": 2
    },
    {
      "id": 3,
      "listId": 2,
      "text": "ReactJS Hooks (useState, useReducer, useEffect и т.д.)",
      "completed": 3
    },
    {
      "id": 4,
      "listId": 2,
      "text": "Redux (redux-observable, redux-saga)",
      "completed": 4
    },
    {
      "listId": 1,
      "text": "asdd",
      "completed": 5,
      "id": 5
    },
    {
      "listId": 1,
      "text": "3322",
      "completed": 6,
      "id": 6
    },
    {
      "listId": 2,
      "text": "sdsdd123123",
      "completed": 8,
      "id": 8
    },
    {
      "listId": 2,
      "text": "wsws",
      "completed": 9,
      "id": 9
    },
    {
      "listId": 2,
      "text": "cxcxcxc",
      "completed": 10,
      "id": 10
    },
    {
      "listId": 2,
      "text": "12312313",
      "completed": 11,
      "id": 11
    },
    {
      "listId": 3,
      "text": "sdfghjk",
      "completed": false,
      "id": 12
    },
    {
      "listId": 5,
      "text": "dfgh",
      "completed": 13,
      "id": 13
    }
  ],
  "colors": [
    {
      "id": 1,
      "hex": "#C9D1D3",
      "name": "grey"
    },
    {
      "id": 2,
      "hex": "#42B883",
      "name": "green"
    },
    {
      "id": 3,
      "hex": "#64C4ED",
      "name": "blue"
    },
    {
      "id": 4,
      "hex": "#FFBBCC",
      "name": "pink"
    },
    {
      "id": 5,
      "hex": "#B6E6BD",
      "name": "lime"
    },
    {
      "id": 6,
      "hex": "#C355F5",
      "name": "purple"
    },
    {
      "id": 7,
      "hex": "#110133",
      "name": "black"
    },
    {
      "id": 8,
      "hex": "#FF6464",
      "name": "red"
    }
  ]
}